{"stats":{"minecraft:used":{"minecraft:writable_book":3,"minecraft:spruce_slab":4,"minecraft:ladder":3,"mob_catcher:diamond_mob_catcher":11,"goblintraders:vein_goblin_trader_spawn_egg":3,"easy_villagers:converter":1,"minecraft:snowball":11,"minecraft:lava_bucket":10,"minecraft:villager_spawn_egg":6,"easy_villagers:iron_farm":3,"minecraft:bow":4,"minecraft:furnace":5,"minecraft:egg":2,"minecraft:wooden_pickaxe":59,"minecraft:golden_apple":2,"minecraft:sand":1,"minecraft:blast_furnace":5,"minecraft:lectern":52,"globalxp:xp_block":10,"minecraft:dark_oak_fence":1,"goblintraders:goblin_trader_spawn_egg":5,"minecraft:oak_boat":1,"minecraft:stone_sword":77,"minecraft:torch":1051,"minecraft:anvil":4,"minecraft:chipped_anvil":1,"easy_villagers:trader":3,"mob_catcher:netherite_mob_catcher":3,"tombstone:gift":12,"minecraft:cobbled_deepslate":136,"minecraft:calcite":3,"minecraft:water_bucket":55,"minecraft:fletching_table":13,"minecraft:oak_slab":2,"minecraft:crafting_table":26,"minecraft:red_bed":22,"minecraft:campfire":1,"minecraft:white_bed":39,"minecraft:diamond_pickaxe":3644,"majruszsdifficulty:undead_army_treasure_bag":1,"minecraft:diamond_shovel":181,"minecraft:iron_pickaxe":254,"minecraft:cobblestone":408,"minecraft:potion":4,"minecraft:cooked_porkchop":21,"moonsweaponry:diamond_greatsword":777,"minecraft:iron_shovel":22,"minecraft:shield":91,"minecraft:iron_sword":373,"minecraft:zombie_spawn_egg":7,"minecraft:carrot":7,"minecraft:tuff":23,"enchantinginfuser:advanced_enchanting_infuser":5,"minecraft:lantern":1,"minecraft:scaffolding":58,"minecraft:dark_oak_stairs":1,"minecraft:diamond_boots":3,"minecraft:stone_pickaxe":1693,"minecraft:ender_pearl":1,"minecraft:sandstone":3,"biomesoplenty:fir_planks":112,"minecraft:diamond_axe":1934,"minecraft:white_wool":1,"minecraft:lingering_potion":29,"minecraft:shears":123,"minecraft:redstone_torch":1,"waystones:waystone":2,"minecraft:lever":1,"easy_villagers:villager":6,"minecraft:firework_rocket":24,"minecraft:bread":106,"tombstone:grave_key":1,"minecraft:gravel":5,"minecraft:andesite":136,"minecraft:cobweb":12,"minecraft:experience_bottle":448,"minecraft:flint_and_steel":44,"minecraft:zombie_villager_spawn_egg":7,"morebows:diamond_bow":340,"minecraft:spruce_planks":13,"minecraft:cooked_chicken":6,"minecraft:dirt":17,"minecraft:dark_oak_planks":7,"minecraft:wooden_axe":158,"minecraft:bookshelf":82,"minecraft:cooked_beef":4,"minecraft:powder_snow_bucket":5,"minecraft:enchanted_golden_apple":1,"minecraft:brown_bed":2,"minecraft:cooked_mutton":17,"minecraft:amethyst_block":2,"minecraft:birch_boat":1,"minecraft:book":1,"tombstone:bag_of_seeds":2,"minecraft:command_block":1,"minecraft:stone_axe":48,"minecraft:fishing_rod":3,"minecraft:bucket":109,"minecraft:gray_wool":3},"minecraft:killed":{"minecraft:cave_spider":3,"born_in_chaos_v1:zombie_lumberjack":1,"born_in_chaos_v1:door_knight_not_despawn":1,"minecraft:skeleton":99,"minecraft:chicken":55,"majruszsdifficulty:tank":1,"minecraft:pillager":10,"minecraft:goat":2,"minecraft:zombie":48,"born_in_chaos_v1:corpse_fly":2,"minecraft:cow":103,"minecraft:evoker":9,"minecraft:vindicator":31,"born_in_chaos_v1:thornshell_crab":2,"minecraft:snow_golem":2,"born_in_chaos_v1:spiritof_chaos":2,"minecraft:husk":3,"majruszsdifficulty:cursed_armor":5,"minecraft:wandering_trader":4,"born_in_chaos_v1:decrepit_skeleton":6,"born_in_chaos_v1:dark_vortex":1,"minecraft:enderman":1,"born_in_chaos_v1:lifestealer_true_form":1,"born_in_chaos_v1:zombie_clown":2,"minecraft:spider":9,"born_in_chaos_v1:scarlet_persecutor":2,"minecraft:silverfish":9,"born_in_chaos_v1:firelight_not_despawn":3,"minecraft:wolf":1,"born_in_chaos_v1:bonescaller":1,"minecraft:pig":97,"minecraft:zombie_villager":5,"minecraft:creeper":15,"minecraft:sheep":138,"minecraft:trader_llama":1,"minecraft:stray":4,"minecraft:vex":11,"born_in_chaos_v1:zombie_bruiser":5,"born_in_chaos_v1:maggot":7,"minecraft:phantom":1,"takesapillage:clay_golem":2,"minecraft:drowned":2,"born_in_chaos_v1:fallen_chaos_knight":1,"born_in_chaos_v1:baby_skeleton":1,"minecraft:bat":1,"born_in_chaos_v1:decaying_zombie":1,"minecraft:villager":11},"minecraft:picked_up":{"minecraft:iron_chestplate":1,"minecraft:flower_pot":13,"minecraft:anvil":4,"minecraft:smithing_table":1,"minecraft:lead":2,"minecraft:brown_bed":4,"minecraft:enchanted_book":8,"minecraft:brewing_stand":2,"enchantinginfuser:advanced_enchanting_infuser":5,"minecraft:amethyst_block":3,"minecraft:string":184,"minecraft:cobbled_deepslate":881,"minecraft:spruce_planks":58,"minecraft:coal_block":20,"minecraft:sheaf_pottery_sherd":1,"born_in_chaos_v1:shattered_skull":5,"minecraft:composter":1,"born_in_chaos_v1:pileof_dark_metal":1,"easy_villagers:iron_farm":2,"minecraft:cherry_log":210,"minecraft:golden_chestplate":1,"goblintraders:goblin_trader_spawn_egg":1,"portablemobs:basic_capture_cell":2,"minecraft:brown_carpet":86,"minecraft:orange_bed":3,"minecraft:light_blue_wool":56,"farmersdelight:onion":4,"minecraft:iron_block":30,"minecraft:bookshelf":385,"supplementaries:ash":11,"minecraft:iron_bars":9,"minecraft:snowball":66,"minecraft:birch_log":23,"minecraft:mossy_cobblestone_slab":2,"minecraft:polished_diorite_slab":1,"minecraft:feather":95,"minecraft:cooked_beef":326,"minecraft:cherry_leaves":1,"minecraft:iron_door":1,"born_in_chaos_v1:spiritual_dust":3,"minecraft:water_bucket":1,"minecraft:brown_wool":4,"biomesoplenty:fir_sapling":342,"biomesoplenty:fir_log":1193,"minecraft:flint":5,"minecraft:lantern":21,"minecraft:chipped_anvil":1,"minecraft:gray_terracotta":3,"minecraft:glowstone_dust":10,"armorplus:frost_shard":12,"minecraft:stripped_spruce_log":9,"sophisticatedbackpacks:iron_backpack":1,"minecraft:loom":3,"minecraft:red_terracotta":1,"minecraft:barrel":26,"minecraft:bundle":9,"minecraft:deepslate":5,"minecraft:angler_pottery_sherd":1,"minecraft:lever":9,"minecraft:miner_pottery_sherd":1,"minecraft:spruce_button":4,"minecraft:golden_horse_armor":1,"minecraft:bread":44,"born_in_chaos_v1:rotten_fish":1,"minecraft:light_gray_carpet":9,"minecraft:dark_oak_fence":8,"minecraft:diamond_pickaxe":1,"minecraft:coarse_dirt":1,"minecraft:shelter_pottery_sherd":1,"minecraft:crafting_table":28,"minecraft:clay_ball":5,"born_in_chaos_v1:seedof_chaos":3,"minecraft:leather_leggings":1,"minecraft:mourner_pottery_sherd":1,"minecraft:stripped_cherry_log":2,"minecraft:red_bed":23,"minecraft:flint_and_steel":2,"minecraft:white_carpet":2,"born_in_chaos_v1:intoxicating_decoction":2,"minecraft:iron_shovel":1,"minecraft:cracked_stone_bricks":2,"minecraft:beef":89,"minecraft:cyan_wool":19,"minecraft:iron_nugget":4,"minecraft:poppy":1,"minecraft:spruce_slab":2,"minecraft:quartz_stairs":24,"minecraft:chest":10,"minecraft:birch_sapling":4,"globalxp:xp_block":10,"minecraft:egg":12,"minecraft:sandstone":5,"minecraft:raw_gold_block":8,"minecraft:spruce_fence":9,"farmersdelight:tomato_seeds":4,"minecraft:skull_pottery_sherd":1,"born_in_chaos_v1:pieceofdarkmetal":6,"minecraft:carrot":21,"minecraft:redstone":78,"minecraft:tnt":8,"minecraft:beetroot_seeds":9,"minecraft:hay_block":370,"born_in_chaos_v1:spiny_shell":3,"tombstone:essence_of_undeath":1,"minecraft:gold_ingot":250,"minecraft:totem_of_undying":10,"sophisticatedbackpacks:copper_backpack":1,"minecraft:mutton":87,"minecraft:white_wool":154,"minecraft:clock":1,"minecraft:tripwire_hook":1,"majruszsdifficulty:tattered_helmet":1,"minecraft:filled_map":2,"minecraft:oak_log":488,"minecraft:blue_bed":2,"tombstone:gift":2,"minecraft:light_blue_banner":39,"minecraft:apple":21,"minecraft:stone_bricks":21,"minecraft:kelp":65,"majruszsdifficulty:tattered_leggings":1,"goblintraders:vein_goblin_trader_spawn_egg":1,"minecraft:cobweb":16,"tombstone:bag_of_seeds":1,"minecraft:iron_sword":3,"minecraft:dark_oak_stairs":2,"minecraft:light_gray_stained_glass":130,"minecraft:sweet_berries":3,"born_in_chaos_v1:orbofthe_summoner":1,"born_in_chaos_v1:ethereal_spirit":9,"minecraft:gravel":5,"minecraft:prize_pottery_sherd":1,"minecraft:spruce_sapling":44,"minecraft:spruce_log":43,"minecraft:crying_obsidian":9,"minecraft:leather_helmet":1,"minecraft:oak_wood":3,"minecraft:diamond_shovel":1,"born_in_chaos_v1:black_argillite_brick_slab":2,"minecraft:slime_ball":64,"minecraft:snort_pottery_sherd":1,"minecraft:polished_diorite":2,"minecraft:gray_wool":14,"minecraft:baked_potato":26,"minecraft:melon_seeds":4,"minecraft:ender_pearl":5,"minecraft:wheat":18,"minecraft:redstone_block":2,"tombstone:grave_key":1,"minecraft:raw_copper":34,"minecraft:armor_stand":8,"minecraft:sticky_piston":10,"minecraft:netherite_ingot":2,"minecraft:experience_bottle":517,"minecraft:purple_banner":2,"minecraft:zombie_head":3,"minecraft:sea_pickle":5,"biomesoplenty:fir_planks":37,"minecraft:smooth_stone":28,"minecraft:comparator":4,"minecraft:bucket":2,"minecraft:rose_bush":1,"minecraft:redstone_torch":2,"minecraft:calcite":1774,"minecraft:azalea":4,"toolbelt:belt":1,"minecraft:iron_pickaxe":6,"born_in_chaos_v1:stimulating_decoction":2,"farmersdelight:cabbage_seeds":2,"minecraft:iron_boots":1,"minecraft:furnace":15,"minecraft:blue_wool":46,"minecraft:tipped_arrow":4,"minecraft:stick":1318,"minecraft:acacia_fence":12,"minecraft:torch":87,"minecraft:spruce_stairs":1,"minecraft:porkchop":104,"minecraft:villager_spawn_egg":1,"tombstone:grave_dust":29,"minecraft:rotten_flesh":161,"minecraft:obsidian":31,"minecraft:cod":2,"minecraft:cobblestone":700,"minecraft:leather_chestplate":2,"minecraft:lilac":6,"minecraft:repeater":3,"minecraft:andesite":384,"minecraft:golden_leggings":1,"minecraft:potato":10,"minecraft:tuff":44,"minecraft:lapis_lazuli":53,"skilltree:gem":94,"minecraft:dirt":76,"minecraft:leather_boots":1,"minecraft:glass":14,"minecraft:bone":137,"minecraft:bow":6,"minecraft:wheat_seeds":135,"easy_villagers:trader":2,"minecraft:raw_gold":166,"minecraft:grindstone":1,"minecraft:mossy_stone_bricks":6,"minecraft:fletching_table":2,"minecraft:bamboo":13,"minecraft:oak_planks":756,"minecraft:mossy_stone_brick_stairs":1,"minecraft:diorite_wall":1,"minecraft:cooked_porkchop":244,"minecraft:sand":138,"minecraft:diamond_block":8,"minecraft:mossy_cobblestone":11,"minecraft:yellow_carpet":2,"born_in_chaos_v1:fire_dust":2,"minecraft:diamond":118,"waystones:waystone":5,"minecraft:golden_apple":1,"minecraft:spruce_sign":2,"minecraft:emerald":86,"minecraft:oak_sapling":138,"minecraft:netherrack":2,"armorplus:lava_shard":83,"minecraft:charcoal":5,"minecraft:allium":2,"minecraft:chicken":34,"minecraft:ladder":4,"minecraft:packed_ice":26,"minecraft:cooked_rabbit":4,"minecraft:gold_block":11,"minecraft:shield":1,"minecraft:iron_axe":3,"minecraft:quartz_slab":7,"minecraft:item_frame":35,"minecraft:observer":1,"minecraft:light_gray_wool":17,"minecraft:lectern":53,"minecraft:sugar_cane":64,"minecraft:spruce_trapdoor":2,"minecraft:raw_iron":743,"minecraft:dark_oak_planks":2,"minecraft:arrow":58,"minecraft:pumpkin_pie":2,"minecraft:saddle":1,"minecraft:black_banner":2,"minecraft:skeleton_skull":3,"born_in_chaos_v1:corpse_maggot":1,"minecraft:dark_oak_button":3,"minecraft:salmon":3,"minecraft:leather":227,"minecraft:birch_planks":1,"minecraft:ice":36,"minecraft:gunpowder":102,"minecraft:cooked_mutton":351,"minecraft:spruce_wood":15,"minecraft:iron_ingot":500,"born_in_chaos_v1:chipped_black_argillite_brick":2,"minecraft:cooked_chicken":66,"minecraft:acacia_sapling":1,"sophisticatedbackpacks:diamond_backpack":2,"minecraft:book":544,"minecraft:scaffolding":118,"minecraft:oak_slab":2,"minecraft:black_candle":2,"minecraft:birch_boat":1,"minecraft:pumpkin":4,"born_in_chaos_v1:lifestealer_bone":3,"minecraft:dandelion":1,"minecraft:raw_iron_block":10,"born_in_chaos_v1:dark_rod":1,"minecraft:amethyst_shard":14,"minecraft:blast_furnace":12,"minecraft:white_bed":37,"minecraft:mossy_stone_brick_slab":1,"minecraft:spider_eye":3,"minecraft:campfire":2,"minecraft:iron_helmet":3,"minecraft:cherry_sapling":149,"minecraft:mossy_cobblestone_stairs":2,"tombstone:magic_scroll":3,"minecraft:damaged_anvil":1,"minecraft:black_wool":5,"minecraft:dark_oak_wood":8,"majruszsdifficulty:tattered_chestplate":1,"minecraft:coal":2191,"minecraft:sunflower":4},"minecraft:killed_by":{"born_in_chaos_v1:lifestealer_true_form":1},"minecraft:broken":{"minecraft:iron_sword":1,"minecraft:wooden_pickaxe":1,"minecraft:shield":1,"minecraft:iron_pickaxe":1,"minecraft:stone_pickaxe":12,"minecraft:wooden_axe":3},"minecraft:custom":{"minecraft:interact_with_crafting_table":119,"minecraft:open_barrel":60,"goblintraders:trade_with_goblin":263,"minecraft:bell_ring":2,"minecraft:eat_cake_slice":16,"minecraft:leave_game":40,"minecraft:time_since_death":506449,"minecraft:damage_blocked_by_shield":3820,"minecraft:play_time":1229470,"minecraft:deaths":4,"minecraft:jump":11967,"minecraft:enchant_item":25,"minecraft:interact_with_furnace":45,"minecraft:traded_with_villager":254,"minecraft:sleep_in_bed":75,"minecraft:waystone_activated":7,"minecraft:damage_dealt":75411,"tombstone:undead_killed":183,"minecraft:interact_with_smoker":1,"minecraft:horse_one_cm":14770,"minecraft:interact_with_anvil":23,"minecraft:damage_dealt_absorbed":448,"minecraft:sneak_time":5088,"minecraft:interact_with_blast_furnace":22,"minecraft:total_world_time":1229470,"tombstone:raider_killed":51,"minecraft:time_since_rest":19186,"minecraft:swim_one_cm":174950,"minecraft:fly_one_cm":1462787,"minecraft:open_chest":222,"minecraft:fish_caught":2,"minecraft:fall_one_cm":280504,"minecraft:damage_resisted":3905,"minecraft:sprint_one_cm":1102879,"minecraft:drop":620,"minecraft:talked_to_villager":164,"minecraft:walk_on_water_one_cm":166015,"tombstone:steal_effect":34,"minecraft:crouch_one_cm":8129,"tombstone:villager_killed":15,"minecraft:mob_kills":777,"minecraft:interact_with_campfire":36,"minecraft:damage_dealt_resisted":12274,"minecraft:climb_one_cm":72290,"minecraft:walk_one_cm":3765047,"minecraft:walk_under_water_one_cm":127157,"minecraft:interact_with_grindstone":1,"minecraft:damage_taken":7128,"minecraft:damage_absorbed":245,"minecraft:aviate_one_cm":490332},"minecraft:crafted":{"minecraft:smooth_stone":23,"globalxp:xp_block":1,"minecraft:birch_boat":1,"waystones:waystone":1,"minecraft:diamond_shovel":3,"sophisticatedbackpacks:crafting_upgrade":1,"minecraft:bookshelf":53,"minecraft:cooked_mutton":17,"minecraft:iron_bars":152,"sophisticatedbackpacks:smelting_upgrade":2,"minecraft:diamond_helmet":1,"minecraft:diamond_leggings":3,"sophisticatedbackpacks:copper_backpack":3,"sophisticatedbackpacks:tank_upgrade":1,"easy_villagers:trader":4,"minecraft:magenta_dye":2,"minecraft:deepslate":1,"minecraft:emerald":208,"minecraft:diamond_axe":1,"enchantinginfuser:enchanting_infuser":1,"minecraft:raw_gold_block":8,"minecraft:copper_ingot":32,"mob_catcher:diamond_mob_catcher":8,"minecraft:fletching_table":1,"minecraft:hay_block":12,"waystones:warp_stone":1,"minecraft:campfire":1,"minecraft:lectern":1,"minecraft:dark_oak_sapling":4,"minecraft:iron_pickaxe":2,"minecraft:iron_block":81,"minecraft:gold_ingot":207,"sophisticatedbackpacks:blasting_upgrade":1,"minecraft:pointed_dripstone":4,"easy_villagers:iron_farm":1,"minecraft:diamond":90,"minecraft:spruce_slab":12,"minecraft:stone_pickaxe":13,"minecraft:diamond_boots":3,"minecraft:dark_oak_planks":32,"minecraft:lead":6,"minecraft:wheat":126,"minecraft:coal_block":163,"minecraft:enchanting_table":1,"sophisticatedbackpacks:gold_backpack":5,"minecraft:enchanted_book":15,"minecraft:wooden_axe":4,"minecraft:iron_leggings":1,"minecraft:white_bed":2,"minecraft:oak_planks":1762,"minecraft:cooked_chicken":6,"toolbelt:pouch":5,"moonsweaponry:diamond_greatsword":1,"minecraft:stone":23,"portablemobs:master_capture_cell":2,"minecraft:iron_boots":1,"tombstone:grave_key":1,"minecraft:chest":12,"minecraft:stone_bricks":4,"minecraft:raw_iron_block":17,"minecraft:arrow":148,"sophisticatedbackpacks:backpack":4,"minecraft:crafting_table":3,"minecraft:spruce_planks":222,"minecraft:wooden_pickaxe":1,"minecraft:iron_helmet":1,"minecraft:gold_block":28,"minecraft:birch_planks":92,"minecraft:pumpkin_seeds":4,"sophisticatedbackpacks:upgrade_base":6,"biomesoplenty:fir_planks":348,"enchantinginfuser:advanced_enchanting_infuser":1,"minecraft:iron_chestplate":1,"portablemobs:basic_capture_cell":11,"minecraft:diamond_pickaxe":1,"minecraft:yellow_dye":2,"minecraft:shield":1,"sophisticatedbackpacks:diamond_backpack":8,"minecraft:stick":3730,"minecraft:iron_ingot":425,"minecraft:stone_sword":1,"morebows:diamond_bow":1,"minecraft:sponge":12,"minecraft:shears":1,"minecraft:coal":77,"toolbelt:belt":2,"minecraft:raw_iron":153,"minecraft:fishing_rod":4,"minecraft:furnace":7,"minecraft:blast_furnace":7,"minecraft:diamond_block":7,"minecraft:glass_pane":40,"armorplus:lava_crystal":5,"sophisticatedbackpacks:iron_backpack":4,"minecraft:red_dye":2,"skilltree:bone_quiver":1,"minecraft:iron_sword":1,"minecraft:bucket":1,"minecraft:stone_axe":1,"minecraft:bread":96,"minecraft:oak_boat":1,"minecraft:raw_gold":72,"sophisticatedbackpacks:smoking_upgrade":1,"minecraft:anvil":1,"minecraft:torch":956,"easy_villagers:converter":1,"minecraft:diamond_chestplate":1},"minecraft:mined":{"minecraft:dark_oak_planks":2,"armorplus:ore_frost_crystal_obsidian":2,"minecraft:white_bed":36,"minecraft:cherry_log":1,"minecraft:obsidian":31,"born_in_chaos_v1:dark_metal_deposit":1,"minecraft:yellow_carpet":2,"minecraft:blue_wool":46,"minecraft:spawner":1,"minecraft:mossy_cobblestone_stairs":1,"minecraft:cobbled_deepslate":3,"minecraft:barrel":25,"minecraft:sticky_piston":6,"minecraft:fire":11,"minecraft:pumpkin":4,"minecraft:deepslate_lapis_ore":4,"minecraft:fletching_table":2,"minecraft:quartz_slab":7,"minecraft:small_amethyst_bud":1,"biomesoplenty:webbing":1,"minecraft:tripwire":2,"minecraft:orange_bed":4,"minecraft:piston_head":4,"minecraft:red_bed":23,"minecraft:kelp_plant":13,"minecraft:amethyst_cluster":1,"minecraft:powder_snow":67,"minecraft:torch":43,"minecraft:dark_oak_wood":8,"minecraft:blast_furnace":5,"minecraft:dead_bush":1,"minecraft:polished_diorite_slab":1,"farmersdelight:cabbages":4,"minecraft:glass":4,"minecraft:sugar_cane":23,"minecraft:damaged_anvil":1,"minecraft:amethyst_block":3,"minecraft:cyan_wool":19,"minecraft:repeater":3,"minecraft:light_gray_stained_glass":132,"minecraft:wheat":15,"minecraft:lilac":3,"born_in_chaos_v1:black_argillite_brick":3,"minecraft:grass":202,"minecraft:loom":2,"minecraft:deepslate":573,"minecraft:light_blue_wool":56,"minecraft:mossy_cobblestone":26,"minecraft:dark_oak_fence":9,"minecraft:spruce_fence":6,"minecraft:redstone_wire":6,"minecraft:potted_bamboo":13,"minecraft:kelp":2,"minecraft:andesite":330,"minecraft:mossy_stone_brick_stairs":1,"minecraft:potatoes":1,"biomesoplenty:high_grass":1,"minecraft:vine":2,"minecraft:white_wool":2,"minecraft:cake":3,"minecraft:smithing_table":1,"minecraft:oak_slab":2,"minecraft:redstone_block":3,"minecraft:comparator":4,"minecraft:brown_carpet":2,"minecraft:stone_brick_slab":1,"minecraft:observer":1,"minecraft:dandelion":1,"minecraft:spruce_button":1,"minecraft:emerald_ore":1,"biomesoplenty:fir_planks":37,"minecraft:campfire":4,"biomesoplenty:high_grass_plant":1,"minecraft:copper_ore":5,"minecraft:tall_grass":49,"minecraft:deepslate_gold_ore":98,"minecraft:red_terracotta":1,"minecraft:coarse_dirt":1,"globalxp:xp_block":10,"minecraft:spruce_log":26,"minecraft:birch_leaves":2,"minecraft:zombie_head":1,"minecraft:sunflower":3,"minecraft:gravel":22,"enchantinginfuser:advanced_enchanting_infuser":4,"biomesoplenty:stringy_cobweb":1,"minecraft:cobweb":164,"minecraft:acacia_planks":1,"minecraft:stone_bricks":22,"minecraft:chipped_anvil":1,"minecraft:gold_ore":15,"minecraft:deepslate_emerald_ore":4,"minecraft:fern":5,"minecraft:infested_stone":2,"minecraft:large_amethyst_bud":1,"minecraft:spruce_planks":14,"minecraft:mossy_stone_brick_slab":2,"minecraft:potted_blue_orchid":1,"armorplus:ore_lava_crystal_stone":14,"minecraft:brewing_stand":2,"minecraft:spruce_trapdoor":2,"minecraft:grass_block":25,"minecraft:polished_diorite":2,"minecraft:composter":1,"minecraft:frosted_ice":4,"minecraft:mossy_cobblestone_slab":1,"minecraft:glowstone":3,"minecraft:iron_ore":251,"born_in_chaos_v1:black_argillite_brick_slab":4,"born_in_chaos_v1:black_argillite_brick_stairs":2,"minecraft:anvil":4,"minecraft:dark_oak_stairs":3,"minecraft:brown_bed":4,"minecraft:iron_bars":9,"minecraft:black_candle":1,"armorplus:ore_lava_crystal_obsidian":7,"minecraft:spruce_slab":2,"minecraft:gray_terracotta":3,"minecraft:calcite":2108,"minecraft:chest":10,"minecraft:cobblestone":118,"minecraft:oak_planks":1,"minecraft:grindstone":1,"minecraft:iron_door":2,"minecraft:light_blue_banner":1,"minecraft:wall_torch":21,"minecraft:cauldron":1,"minecraft:blue_ice":1,"minecraft:tnt":8,"biomesoplenty:fir_log":67,"minecraft:oak_log":2,"minecraft:diorite_wall":1,"minecraft:acacia_fence":8,"minecraft:sand":160,"minecraft:dirt":80,"minecraft:tripwire_hook":1,"minecraft:netherrack":6,"minecraft:oak_leaves":7,"minecraft:diamond_ore":2,"minecraft:crying_obsidian":4,"minecraft:red_carpet":1,"minecraft:tuff":50,"minecraft:quartz_stairs":25,"minecraft:deepslate_diamond_ore":86,"minecraft:ladder":4,"biomesoplenty:bush":3,"minecraft:decorated_pot":2,"minecraft:potted_azalea_bush":4,"farmersdelight:tomatoes":4,"minecraft:spruce_leaves":7,"minecraft:sandstone":15,"minecraft:hay_block":373,"minecraft:light_blue_wall_banner":39,"easy_villagers:iron_farm":2,"minecraft:furnace":7,"minecraft:carrots":5,"minecraft:stripped_spruce_log":9,"treechop:chopped_log":63,"minecraft:gold_block":1,"minecraft:bookshelf":550,"minecraft:deepslate_iron_ore":162,"easy_villagers:trader":2,"minecraft:packed_ice":39,"biomesoplenty:spider_egg":1,"minecraft:stone":420,"minecraft:redstone_wall_torch":1,"supplementaries:book_pile_horizontal":1,"minecraft:scaffolding":101,"minecraft:snow_block":18,"minecraft:stripped_dark_oak_log":1,"minecraft:oak_fence":2,"minecraft:crafting_table":25,"minecraft:oak_wood":3,"minecraft:rose_bush":2,"minecraft:lectern":53,"minecraft:deepslate_coal_ore":73,"born_in_chaos_v1:chipped_black_argillite_brick":6,"biomesoplenty:sprout":10,"minecraft:blue_bed":2,"minecraft:spruce_stairs":1,"minecraft:birch_planks":1,"minecraft:gray_wool":2,"minecraft:sea_pickle":3,"minecraft:beehive":1,"minecraft:ice":41,"minecraft:sweet_berry_bush":1,"minecraft:black_wall_banner":2,"minecraft:yellow_bed":2,"minecraft:coal_ore":936,"biomesoplenty:fir_leaves":2,"minecraft:cherry_leaves":1,"minecraft:cracked_stone_bricks":2,"minecraft:mossy_stone_bricks":4},"minecraft:dropped":{"biomesoplenty:fir_log":448,"minecraft:iron_sword":6,"minecraft:porkchop":10,"minecraft:cooked_beef":64,"minecraft:glass_bottle":2,"minecraft:crafting_table":4,"minecraft:dark_oak_button":3,"minecraft:sheaf_pottery_sherd":1,"minecraft:leather_helmet":1,"minecraft:item_frame":2,"minecraft:emerald":11,"minecraft:gold_block":10,"minecraft:dirt":58,"minecraft:dark_oak_fence":7,"goblintraders:vein_goblin_trader_spawn_egg":1,"minecraft:writable_book":1,"minecraft:sunflower":3,"minecraft:iron_pickaxe":8,"minecraft:white_wool":57,"minecraft:bone":4,"minecraft:stone_axe":1,"minecraft:diamond_block":8,"minecraft:lever":8,"minecraft:cobbled_deepslate":549,"minecraft:birch_sapling":4,"minecraft:grindstone":1,"minecraft:rotten_flesh":28,"minecraft:oak_planks":809,"minecraft:light_gray_carpet":8,"minecraft:white_bed":2,"minecraft:salmon":2,"minecraft:tipped_arrow":1,"minecraft:leather_boots":1,"minecraft:acacia_sapling":2,"minecraft:ladder":1,"minecraft:leather_leggings":1,"minecraft:snort_pottery_sherd":1,"minecraft:spruce_slab":1,"minecraft:glass":10,"minecraft:beef":5,"minecraft:crying_obsidian":6,"minecraft:acacia_fence":9,"minecraft:egg":10,"minecraft:enchanted_book":2,"minecraft:iron_ingot":472,"minecraft:wheat_seeds":132,"born_in_chaos_v1:shattered_skull":1,"minecraft:shelter_pottery_sherd":1,"minecraft:mourner_pottery_sherd":1,"minecraft:golden_horse_armor":1,"minecraft:feather":9,"minecraft:iron_helmet":2,"minecraft:cobblestone":196,"minecraft:apple":3,"minecraft:spruce_button":4,"minecraft:coal":320,"minecraft:yellow_carpet":2,"minecraft:coal_block":20,"minecraft:cobweb":4,"minecraft:gray_wool":10,"skilltree:gem":35,"minecraft:diamond_helmet":1,"minecraft:potion":3,"minecraft:mossy_cobblestone_stairs":2,"minecraft:angler_pottery_sherd":1,"minecraft:smooth_stone":6,"minecraft:string":5,"minecraft:spruce_sapling":20,"minecraft:skull_pottery_sherd":1,"minecraft:furnace":1,"minecraft:netherite_ingot":2,"minecraft:polished_diorite_slab":1,"minecraft:stone_sword":1,"minecraft:deepslate":6,"minecraft:experience_bottle":512,"minecraft:white_carpet":2,"minecraft:clay_ball":5,"minecraft:iron_boots":1,"minecraft:spruce_fence":9,"minecraft:blast_furnace":7,"portablemobs:basic_capture_cell":6,"minecraft:flower_pot":2,"minecraft:allium":2,"minecraft:spruce_trapdoor":2,"minecraft:bundle":2,"minecraft:spruce_planks":22,"minecraft:diamond_pickaxe":1,"minecraft:barrel":4,"minecraft:brown_carpet":82,"minecraft:bow":3,"minecraft:sandstone":2,"sophisticatedbackpacks:copper_backpack":1,"minecraft:black_wool":3,"minecraft:quartz_slab":1,"goblintraders:goblin_trader_spawn_egg":1,"minecraft:spruce_sign":2,"minecraft:dark_oak_stairs":1,"minecraft:oak_log":17,"minecraft:loom":1,"minecraft:lantern":5,"born_in_chaos_v1:pileof_dark_metal":1,"enchantinginfuser:advanced_enchanting_infuser":1,"minecraft:black_banner":2,"minecraft:raw_gold_block":8,"minecraft:cod":1,"biomesoplenty:fir_sapling":214,"minecraft:flint":2,"minecraft:mutton":27,"minecraft:snowball":55,"farmersdelight:onion":4,"minecraft:amethyst_shard":10,"minecraft:gold_ingot":184,"minecraft:armor_stand":6,"minecraft:prize_pottery_sherd":1,"born_in_chaos_v1:ethereal_spirit":2,"minecraft:diamond_shovel":2,"minecraft:mossy_stone_brick_slab":1,"minecraft:carrot":3,"sophisticatedbackpacks:diamond_backpack":1,"minecraft:chainmail_chestplate":1,"patchouli:guide_book":1,"moonsweaponry:diamond_greatsword":1,"minecraft:poppy":1,"minecraft:leather_chestplate":1,"supplementaries:ash":8,"born_in_chaos_v1:seedof_chaos":1,"born_in_chaos_v1:corpse_maggot":1,"minecraft:chest":5,"minecraft:iron_bars":4,"minecraft:arrow":231,"minecraft:scaffolding":11,"minecraft:bread":14,"minecraft:oak_slab":3,"minecraft:lilac":5,"minecraft:mossy_cobblestone":10,"minecraft:bookshelf":1,"born_in_chaos_v1:black_argillite_brick_slab":2,"minecraft:spruce_stairs":1,"minecraft:stick":1367,"minecraft:iron_block":15,"minecraft:mossy_cobblestone_slab":2,"minecraft:torch":6,"tombstone:grave_key":1,"minecraft:brown_wool":4,"minecraft:iron_door":1,"minecraft:light_gray_stained_glass":64,"tombstone:grave_dust":1,"minecraft:tripwire_hook":1,"minecraft:bucket":1,"minecraft:dandelion":1,"minecraft:redstone":69,"minecraft:polished_diorite":1,"minecraft:kelp":1,"minecraft:coarse_dirt":1,"minecraft:tuff":16,"minecraft:raw_iron":127,"minecraft:light_gray_wool":17,"minecraft:villager_spawn_egg":1,"minecraft:red_terracotta":1,"minecraft:filled_map":3,"minecraft:shield":1,"minecraft:iron_chestplate":1,"born_in_chaos_v1:spiny_shell":3,"minecraft:andesite":248,"minecraft:mossy_stone_bricks":6,"minecraft:oak_sapling":138,"minecraft:miner_pottery_sherd":1,"minecraft:slime_ball":64,"minecraft:stone_pickaxe":1}},"DataVersion":3465}